"TFBS","Correlation","P_value","Adjusted_P_value","Null_Hypothesis"
"ABF1",0.094300414971969,0.209255708185903,0.695297379972407,"Accept"
"ABF2",-0.0406058252104289,0.589413903081947,0.864354697080906,"Accept"
"ABF3",0.0885068680091492,0.238733231309666,0.711051738894911,"Accept"
"ABF4",-0.063403844272121,0.399121343484267,0.811000235017643,"Accept"
"ABI5",0.0149972806691186,0.842062936711226,0.964860508001988,"Accept"
"ABR1",-0.0106512355291891,0.887467470597133,0.982503357212259,"Accept"
"AG",-0.00281749412751152,0.970140965351355,0.991130789780398,"Accept"
"AGL1",0.0597107589278001,0.427202690203222,0.834231920035737,"Accept"
"AGL13",-0.095278135346471,0.204550819155714,0.695297379972407,"Accept"
"AGL15",-0.0734650822443549,0.32840519367958,0.768074367517286,"Accept"
"AGL16",-0.053210874074714,0.479301252489706,0.851353249598314,"Accept"
"AGL27",0.0721962918604828,0.336850170692387,0.768074367517286,"Accept"
"AGL3",-0.0224631369442792,0.765345640269316,0.951122862432055,"Accept"
"AGL6",-0.126785870812141,0.0907933828565259,0.570330707764966,"Accept"
"AGL63",-0.0138814017964066,0.853677496691148,0.967013842105204,"Accept"
"AHL12",0.0585893580940456,0.435950212569138,0.834836970886638,"Accept"
"AHL13",-0.0126171881346659,0.866873957529104,0.973502223870543,"Accept"
"AHL20",0.081088481598703,0.280557646367726,0.74151272370609,"Accept"
"AHL25",-0.0465470959709949,0.536094049766018,0.864354697080906,"Accept"
"AIB",0.116672028294542,0.119863640305767,0.628555023364631,"Accept"
"AIL6",0.0566954073037098,0.450954103318539,0.834836970886638,"Accept"
"AIL7",0.0146660330622797,0.845507272216957,0.964860508001988,"Accept"
"ANL2",0.00369617886583382,0.960835440897074,0.987238636712547,"Accept"
"ANT",0.141912485197692,0.0580977118547284,0.530136267963109,"Accept"
"AP1",-0.106686937072769,0.155190573068655,0.667101429591958,"Accept"
"AP3",0.0759101997062045,0.312518209171229,0.768074367517286,"Accept"
"ARALYDRAFT_484486",-0.190501931557116,0.0106394783438832,0.437502034243099,"Accept"
"ARALYDRAFT_493022",-0.0541675488730432,0.471423912603887,0.847344275717027,"Accept"
"ARALYDRAFT_495258",-0.190501931557116,0.0106394783438832,0.437502034243099,"Accept"
"ARALYDRAFT_496250",0.0507267452330541,0.500084207864008,0.854117554338848,"Accept"
"ARALYDRAFT_897773",-0.0399076832299581,0.595835184333402,0.86708208344559,"Accept"
"ARF1",0.0662444793986656,0.378290848093142,0.796674654628754,"Accept"
"ARF10",-0.0960789915637332,0.200754233110474,0.691814832728741,"Accept"
"ARF13",-0.123188577767771,0.100410289505214,0.581395259839938,"Accept"
"ARF14",-0.0506430252621857,0.500792796814005,0.854117554338848,"Accept"
"ARF16",0.0263007711634624,0.726732279543973,0.932341972517223,"Accept"
"ARF18",0.103977171977472,0.166012341866134,0.667101429591958,"Accept"
"ARF25",-0.0204802429661927,0.785532913138171,0.953926697714841,"Accept"
"ARF27",0.073300256992445,0.329494498227267,0.768074367517286,"Accept"
"ARF29",0.00702100280042272,0.925682965019238,0.987238636712547,"Accept"
"ARF3",-0.00643285228962271,0.93189281411469,0.987238636712547,"Accept"
"ARF34",0.159839205440424,0.0325750910868849,0.518997711367473,"Accept"
"ARF35",-0.0312924641636887,0.677531894618066,0.925063114413799,"Accept"
"ARF36",-0.154620377641653,0.0387688429627114,0.518997711367473,"Accept"
"ARF39",-0.043088140260459,0.566842818072007,0.864354697080906,"Accept"
"ARF4",0.0927982589855023,0.216634843468489,0.695297379972407,"Accept"
"ARF5",0.0662444793986656,0.378290848093142,0.796674654628754,"Accept"
"ARF7",0.027000261685758,0.719764504403704,0.932341972517223,"Accept"
"ARR10",0.0501126643854471,0.505293895084031,0.854117554338848,"Accept"
"ARR11",0.104456866402385,0.164056708540619,0.667101429591958,"Accept"
"ARR14",0.092888350564106,0.216187114148809,0.695297379972407,"Accept"
"ARR18",0.0289577641625908,0.700389335219491,0.9309599530122,"Accept"
"ARR2",-0.0601316393762834,0.423945953664514,0.834231920035737,"Accept"
"AS2",-0.00912033614019036,0.903556827704859,0.986336102292726,"Accept"
"ASIL2",0.148582923367155,0.0471434182505234,0.530136267963109,"Accept"
"ASR1",-0.0488524610790557,0.516073208809853,0.855659117437091,"Accept"
"ASR3",0.0490983907422244,0.513960370551228,0.855659117437091,"Accept"
"AT1G14600",0.130021105238615,0.0827853724552136,0.570330707764966,"Accept"
"AT1G19000",-0.0820621098874057,0.274803450926557,0.73670948943333,"Accept"
"AT1G19040",0.0996587800407174,0.184406393180518,0.674236858844949,"Accept"
"AT1G72740",-0.0716753259671672,0.340357423430012,0.768074367517286,"Accept"
"AT1G74840",-0.0305483976982999,0.684785846437759,0.927561560781781,"Accept"
"AT1G76870",-0.032502078837484,0.665802557050279,0.919566203548814,"Accept"
"AT2G38090",0.0741002889758089,0.324228896726268,0.768074367517286,"Accept"
"AT2G38300",0.063432424072479,0.398908416571417,0.811000235017643,"Accept"
"AT2G40260",0.040704964042971,0.588504628376049,0.864354697080906,"Accept"
"AT3G10030",-0.0260015918136341,0.729719364904006,0.932341972517223,"Accept"
"AT3G10580",-0.0729916498772557,0.331540267655026,0.768074367517286,"Accept"
"AT3G46070",-0.0939322467580766,0.211047360623402,0.695297379972407,"Accept"
"AT4G12670",-0.0431514612107744,0.566272470685912,0.864354697080906,"Accept"
"AT5G04760",-0.14167456078526,0.0585242393367916,0.530136267963109,"Accept"
"AT5G05090",0.0425818885942073,0.571412541160877,0.864354697080906,"Accept"
"AT5G05790",-0.15533020904981,0.0378721212873679,0.518997711367473,"Accept"
"AT5G47660",-0.0439450720060763,0.5591474770911,0.864354697080906,"Accept"
"AT5G56840",-0.0160377858785513,0.831263457626459,0.964860508001988,"Accept"
"AT5G61620",-0.0594440400287058,0.429273997768161,0.834836970886638,"Accept"
"ATHB.12",-0.0633993054053108,0.399155165456763,0.811000235017643,"Accept"
"ATHB.13",0.0461736111157871,0.539373671304074,0.864354697080906,"Accept"
"ATHB.15",0.0575061251791817,0.444496396958106,0.834836970886638,"Accept"
"ATHB.16",0.0522827895890301,0.487010734962223,0.851663051438912,"Accept"
"ATHB.20",0.0223937176406031,0.766049802984802,0.951122862432055,"Accept"
"ATHB.4",-0.0184581619827424,0.806267377174,0.959062548482778,"Accept"
"ATHB.40",0.0999944282462287,0.182925214743554,0.674236858844949,"Accept"
"ATHB.5",-0.0222081464173499,0.767933105715976,0.951122862432055,"Accept"
"ATHB.51",0.0264206409418167,0.725536619989672,0.932341972517223,"Accept"
"ATHB.53",-0.00357995488071588,0.962066010105512,0.987238636712547,"Accept"
"ATHB.6",-0.0331297383806632,0.65974786659079,0.916606225718035,"Accept"
"ATHB.7",-0.0235879378761576,0.753963264974903,0.951122862432055,"Accept"
"ATHB.9",-0.0675921418541416,0.368644981469076,0.794961417094358,"Accept"
"ATHB.X",0.0988056557916015,0.188210720721074,0.674236858844949,"Accept"
"ATMYB31",-0.0572183568010445,0.446782581782339,0.834836970886638,"Accept"
"AZF1",-0.0953757912520862,0.204085113481919,0.695297379972407,"Accept"
"At3g11280",-0.0322732612956792,0.668015245236255,0.920813171374681,"Accept"
"BAD1",-0.097624906503801,0.193570291624337,0.674236858844949,"Accept"
"BAM8",-0.00833932339088792,0.911780643208667,0.987238636712547,"Accept"
"BEH2",-0.00345726317161172,0.963365156166155,0.987238636712547,"Accept"
"BEH3",-0.0216223931115815,0.773886596459652,0.951122862432055,"Accept"
"BEH4",-0.0235809429599719,0.75403388907283,0.951122862432055,"Accept"
"BHLH104",0.0231562269385631,0.758325831404582,0.951122862432055,"Accept"
"BHLH122",-0.0838079762343928,0.264686597256457,0.730987981150399,"Accept"
"BHLH13",0.00398404291509414,0.957787966431368,0.987238636712547,"Accept"
"BHLH3",0.0513146628621633,0.495123085574064,0.854117554338848,"Accept"
"BHLH49",0.00503608603714029,0.946656038986493,0.987238636712547,"Accept"
"BHLH72",-0.0706154568816488,0.347564006839396,0.773219926607897,"Accept"
"BIM1",0.0636407196145916,0.397358609628484,0.811000235017643,"Accept"
"BMY2",0.139917915547747,0.0617538052751217,0.530558804015519,"Accept"
"BPC1",-0.123171854725343,0.100456806302615,0.581395259839938,"Accept"
"BPC5",-0.134089131268546,0.0735323667517291,0.532920142540882,"Accept"
"BPC6",-0.135899877838449,0.069692651138765,0.530558804015519,"Accept"
"BRN2",0.0906955762881814,0.227273050649562,0.710102020473965,"Accept"
"BZIP11",0.0101932256504651,0.892276522936079,0.984134836574264,"Accept"
"BZIP16",0.0461347146419343,0.539715798567749,0.864354697080906,"Accept"
"BZIP18",0.0291466097725854,0.698530106709937,0.9309599530122,"Accept"
"BZIP2",0.0500276845713449,0.506017065510223,0.854117554338848,"Accept"
"BZIP28",0.13553703433533,0.0704487033830928,0.530558804015519,"Accept"
"BZIP3",0.0203847078419505,0.786509269208469,0.953926697714841,"Accept"
"BZIP30",0.162920556121142,0.0293288617674296,0.518997711367473,"Accept"
"BZIP42",-0.00888398405715204,0.906044498357587,0.987238636712547,"Accept"
"BZIP43",0.0080816256181803,0.914496219165001,0.987238636712547,"Accept"
"BZIP44",0.102141881838345,0.1736551374329,0.667101429591958,"Accept"
"BZIP48",0.0934684511223421,0.213319995219461,0.695297379972407,"Accept"
"BZIP52",-0.041951438101536,0.577127530595623,0.864354697080906,"Accept"
"BZIP53",0.0132336417120614,0.860434291924175,0.96936747952355,"Accept"
"BZIP60",0.0159378783252677,0.832299069291261,0.964860508001988,"Accept"
"BZIP63",0.0201171873293054,0.789245059604343,0.953926697714841,"Accept"
"BZIP68",0.138699551346655,0.0640785433190486,0.530558804015519,"Accept"
"BZIP69",0.186581845464673,0.0123910683235412,0.437502034243099,"Accept"
"BZR1",-0.00476544443554199,0.9495188647513,0.987238636712547,"Accept"
"BZR2",-0.0157978191848069,0.833751365886898,0.964860508001988,"Accept"
"CAMTA1",-0.0318502444406303,0.672113389907549,0.924649145019584,"Accept"
"CAMTA5",0.139232599123753,0.0630527765051079,0.530558804015519,"Accept"
"CCA1",-0.03700262249747,0.622887940400605,0.888215460652384,"Accept"
"CDC5",-0.0177178116362506,0.8138936789794,0.964860508001988,"Accept"
"CDF2",-0.136353822542488,0.0687560866089879,0.530558804015519,"Accept"
"CDF3",0.0451421012098986,0.54848294888567,0.864354697080906,"Accept"
"CDF5",-0.029239415811876,0.697617065824394,0.9309599530122,"Accept"
"CRF2",0.189124403585275,0.0112283810336745,0.437502034243099,"Accept"
"CRF4",0.0578400244913425,0.441852037700225,0.834836970886638,"Accept"
"DEAR3",0.0402364458569283,0.592807393067952,0.86641080525316,"Accept"
"DF1",0.104961514550261,0.162017973005368,0.667101429591958,"Accept"
"DIV1",-0.0741790755402163,0.323713299306332,0.768074367517286,"Accept"
"DOF1.5",-0.0981177868051639,0.191319688378379,0.674236858844949,"Accept"
"DOF1.6",-0.162502364495896,0.0297525651951295,0.518997711367473,"Accept"
"DOF1.7",-0.159638479417318,0.0327967500990565,0.518997711367473,"Accept"
"DOF2.5",-0.144609278463797,0.0534397870353854,0.530136267963109,"Accept"
"DOF3.2",-0.178257798404182,0.0169693334294681,0.478331704728535,"Accept"
"DOF3.4",-0.0200043705843165,0.790399551541543,0.953926697714841,"Accept"
"DOF3.5",-0.136353822542488,0.0687560866089879,0.530558804015519,"Accept"
"DOF3.6",-0.113297596087206,0.131026712795861,0.657941279253501,"Accept"
"DOF4.2",-0.121887341769512,0.104080985870961,0.585351464538283,"Accept"
"DOF4.3",-0.116917464430494,0.119081445211383,0.628555023364631,"Accept"
"DOF4.5",-0.142770371432207,0.056580991229972,0.530136267963109,"Accept"
"DOF4.7",-0.190828123827939,0.0105040824291859,0.437502034243099,"Accept"
"DOF5.1",-0.0725807555804471,0.334276711432402,0.768074367517286,"Accept"
"DOF5.4",-0.136353822542488,0.0687560866089879,0.530558804015519,"Accept"
"DOF5.8",-0.0918960485473626,0.221155091233514,0.702076101113122,"Accept"
"DPBF3",0.00438864840380591,0.95350565199623,0.987238636712547,"Accept"
"DREB1A",0.0720819165486072,0.337618188528163,0.768074367517286,"Accept"
"DREB1B",0.0945259864813126,0.208163398838262,0.695297379972407,"Accept"
"DREB1C",0.0945259864813126,0.208163398838262,0.695297379972407,"Accept"
"DREB1D",0.04584235675442,0.542290775092486,0.864354697080906,"Accept"
"DREB1E",0.0887031525543379,0.237689271142892,0.711051738894911,"Accept"
"DREB1G",0.144186567462456,0.0541487709136785,0.530136267963109,"Accept"
"DREB2A",0.0850214210969643,0.257806768484331,0.730799025179375,"Accept"
"DREB2C",0.0357060659855583,0.63512970825353,0.902012494751983,"Accept"
"DREB2D",-0.0478953464651475,0.524338310366877,0.864354697080906,"Accept"
"DREB2E",0.144648585379712,0.0533742527005524,0.530136267963109,"Accept"
"DREB2F",-0.115749617657097,0.122839043199377,0.63496946594972,"Accept"
"DREB2G",-0.176373297961354,0.0181900164862966,0.478331704728535,"Accept"
"DYT1",-0.00821262825391111,0.913115609665949,0.987238636712547,"Accept"
"E2FC",0.0584654766950315,0.436922793742376,0.834836970886638,"Accept"
"E2FD",-0.0277848600221375,0.711976354473695,0.931624089979504,"Accept"
"E2FE",-0.0277848600221375,0.711976354473695,0.931624089979504,"Accept"
"EFM",-0.157834941923596,0.0348464333763101,0.518997711367473,"Accept"
"EIL3",0.0523084387969719,0.486796781563559,0.851663051438912,"Accept"
"EIL4",0.00190093022426639,0.97985191877294,0.991130789780398,"Accept"
"ENAP2",0.104523890077502,0.163784840313218,0.667101429591958,"Accept"
"EREB127",0.124336681351342,0.0972572256445051,0.581395259839938,"Accept"
"EREB138",0.0892412675836946,0.23484365922819,0.711051738894911,"Accept"
"EREB29",-0.0873383407014161,0.245014564145257,0.713482244389533,"Accept"
"EREB71",-0.0711957207665159,0.343606660536131,0.768074367517286,"Accept"
"ERF010",0.0740725008033932,0.324410875346529,0.768074367517286,"Accept"
"ERF011",0.190327678622142,0.0107124359674756,0.437502034243099,"Accept"
"ERF012",0.175935915486462,0.0184839939325642,0.478331704728535,"Accept"
"ERF013",0.0873499349622539,0.244951680595126,0.713482244389533,"Accept"
"ERF014",-0.00979878566374324,0.896421255446824,0.984134836574264,"Accept"
"ERF015",0.0888206049571564,0.237066119115951,0.711051738894911,"Accept"
"ERF017",0.0534684881311962,0.477173055427536,0.851353249598314,"Accept"
"ERF018",-0.00208943618249718,0.977854417867266,0.991130789780398,"Accept"
"ERF019",0.107830265954928,0.150787273737143,0.667101429591958,"Accept"
"ERF021",0.0545882967732866,0.467981984297237,0.845333032460453,"Accept"
"ERF023",0.0975889562283036,0.193735199838805,0.674236858844949,"Accept"
"ERF025",0.134829970828657,0.0719411661353802,0.532364629401814,"Accept"
"ERF027",0.0662444793986656,0.378290848093142,0.796674654628754,"Accept"
"ERF034",0.100400340046045,0.181145673489765,0.674236858844949,"Accept"
"ERF035",0.065901243754113,0.380771954417157,0.796674654628754,"Accept"
"ERF036",0.140683659866081,0.0603284515462997,0.530136267963109,"Accept"
"ERF037",0.122450921613473,0.10247839573189,0.582381169998512,"Accept"
"ERF038",0.0505713155585844,0.501400152560593,0.854117554338848,"Accept"
"ERF039",0.0662444793986656,0.378290848093142,0.796674654628754,"Accept"
"ERF043",0.0400895904166105,0.594159017282564,0.86658462479179,"Accept"
"ERF054",0.0408161720140633,0.587485423978951,0.864354697080906,"Accept"
"ERF055",0.0828818201766156,0.270021290982503,0.732914932666795,"Accept"
"ERF057",-0.0652832352593763,0.385264188944693,0.801303919609821,"Accept"
"ERF073",0.110557129964297,0.140667130076203,0.667101429591958,"Accept"
"ERF076",0.0646136309461567,0.390167545840788,0.806655175188136,"Accept"
"ERF077",-0.0429609883017166,0.567988930972455,0.864354697080906,"Accept"
"ERF082",0.0902170353747218,0.229744878841829,0.710342061711137,"Accept"
"ERF086",-0.057632164215139,0.443497163906952,0.834836970886638,"Accept"
"ERF087",-0.10099972765562,0.178541270622065,0.674236858844949,"Accept"
"ERF091",0.135472199315261,0.0705844992171674,0.530558804015519,"Accept"
"ERF094",0.210351266885408,0.00470914879872046,0.437502034243099,"Accept"
"ERF095",0.0772475365127588,0.304044970628786,0.765377519936546,"Accept"
"ERF104",0.0987765609193936,0.188341467989119,0.674236858844949,"Accept"
"ERF105",0.105034897493626,0.161723098093886,0.667101429591958,"Accept"
"ERF109",0.189473645358131,0.0110764241092832,0.437502034243099,"Accept"
"ERF112",0.000502328127483056,0.99467527003424,0.997865565997251,"Accept"
"ERF115",-0.0354460570511614,0.637596741628049,0.903690543073626,"Accept"
"ERF118",-0.0623745863765983,0.406834699524479,0.824221307682158,"Accept"
"ERF122",0.0237072745371809,0.752758698411709,0.951122862432055,"Accept"
"ERF13",0.210351266885408,0.00470914879872046,0.437502034243099,"Accept"
"ERF15",0.247025677379277,0.000857172948624146,0.437502034243099,"Accept"
"ERF1B",0.212560859782798,0.00428116501521533,0.437502034243099,"Accept"
"ERF2",0.0915423089626528,0.222945560902332,0.702828382575513,"Accept"
"ERF4",0.019825341308031,0.792232554217354,0.953926697714841,"Accept"
"ERF5",-0.0331376266862447,0.659671911777679,0.916606225718035,"Accept"
"ERF6",-0.0711145521019619,0.344158500381145,0.768074367517286,"Accept"
"ERF8",0.0654137483702214,0.384312838591697,0.801303919609821,"Accept"
"ERF9",0.0312559089574069,0.677887588785855,0.925063114413799,"Accept"
"EmBP.1",0.0528359225497199,0.482407952279068,0.851663051438912,"Accept"
"FAR1",0.0041566432149894,0.955961022793741,0.987238636712547,"Accept"
"FHY3",0.0225289246322521,0.764678492666644,0.951122862432055,"Accept"
"FLC",-0.0192745523581104,0.797878944888089,0.953926697714841,"Accept"
"FUS3",-0.0433959908008553,0.564072499223723,0.864354697080906,"Accept"
"FaEOBII",-0.090094431605532,0.230381209203612,0.710342061711137,"Accept"
"GAF1",-0.0568503926649653,0.449715524973027,0.834836970886638,"Accept"
"GATA1",0.070188147591449,0.350496518210898,0.777118764067624,"Accept"
"GATA10",0.00232236149070295,0.975386419414994,0.991130789780398,"Accept"
"GATA11",-0.0307641595765595,0.682679364775046,0.927227457660688,"Accept"
"GATA14",0.0611006370676623,0.416502903122358,0.829685226515417,"Accept"
"GATA19",0.00944507489656067,0.900140398175322,0.984134836574264,"Accept"
"GATA20",-0.0716334055750803,0.340640645344907,0.768074367517286,"Accept"
"GATA6",0.0502537123225306,0.504094782494095,0.854117554338848,"Accept"
"GBF1",0.0885068680091492,0.238733231309666,0.711051738894911,"Accept"
"GBF2",0.127659653271559,0.0885720033809323,0.570330707764966,"Accept"
"GBF3",0.123014093035121,0.100896474680615,0.581395259839938,"Accept"
"GLYMA.06G314400",0.0865313106928669,0.24941925908726,0.718253447297838,"Accept"
"GLYMA.07G038400",0.0677491942544623,0.367530839482086,0.794961417094358,"Accept"
"GLYMA.08G357600",0.157541513430312,0.0351899590404062,0.518997711367473,"Accept"
"GLYMA.13G317000",0.0865313106928669,0.24941925908726,0.718253447297838,"Accept"
"GLYMA19G26560",-0.119589158467079,0.110821332525348,0.607986113493401,"Accept"
"GRF4",-0.00754781914490226,0.920124496086909,0.987238636712547,"Accept"
"GRF6",0.102287210493908,0.173040596108744,0.667101429591958,"Accept"
"GRF9",0.102287210493908,0.173040596108744,0.667101429591958,"Accept"
"GRMZM2G135447",0.0200875984593273,0.789547808254345,0.953926697714841,"Accept"
"GT.1",0.123879119717811,0.0985042999834944,0.581395259839938,"Accept"
"GT.2",0.0991960392430447,0.186462823499606,0.674236858844949,"Accept"
"GT.3a",0.0339045298565994,0.652304273989983,0.913485865766849,"Accept"
"GT.4",-0.0405746311216316,0.589700139679658,0.864354697080906,"Accept"
"GTL1",-0.091786547112527,0.221708242456775,0.702076101113122,"Accept"
"Gam1",-0.0216581033493923,0.773523262421413,0.951122862432055,"Accept"
"Glyma19g26560.1",-0.119589158467079,0.110821332525348,0.607986113493401,"Accept"
"HAT1",0.0717129270059677,0.340103511180468,0.768074367517286,"Accept"
"HAT2",0.0385686249331968,0.608239028210837,0.876213190229956,"Accept"
"HAT22",0.0700384667641525,0.351527406790191,0.777118764067624,"Accept"
"HAT5",0.0999432440634997,0.183150518171131,0.674236858844949,"Accept"
"HBI1",0.00503608603714029,0.946656038986493,0.987238636712547,"Accept"
"HDG1",-0.0189429109607063,0.801283837552704,0.954750064067036,"Accept"
"HDG11",-0.143723194486037,0.0549348777140652,0.530136267963109,"Accept"
"HDG7",-0.102442210392441,0.172386936707776,0.667101429591958,"Accept"
"HHO2",-0.0123360429681256,0.86981382518431,0.975245803994529,"Accept"
"HHO3",0.0578412600111348,0.44184226945009,0.834836970886638,"Accept"
"HHO5",0.167321187641905,0.025173611724118,0.518997711367473,"Accept"
"HHO6",0.0436215415609629,0.562046900735693,0.864354697080906,"Accept"
"HRS1",-0.0619298831647751,0.41019444143145,0.826265594058193,"Accept"
"HSFA1B",0.075239736721805,0.316823689596024,0.768074367517286,"Accept"
"HSFA1E",-0.137601231054355,0.0662351767456764,0.530558804015519,"Accept"
"HSFA4A",-0.100319019214986,0.181501164268723,0.674236858844949,"Accept"
"HSFA6A",-0.163024710615755,0.0292241387143043,0.518997711367473,"Accept"
"HSFA6B",0.0313959450997618,0.676525377757159,0.925063114413799,"Accept"
"HSFB2A",0.011026049436625,0.883535012515946,0.982503357212259,"Accept"
"HSFB2B",0.0823778607441292,0.272954626499106,0.73670948943333,"Accept"
"HSFB3",-0.14085333870729,0.0600162997039529,0.530136267963109,"Accept"
"HSFB4",-0.0218470326457193,0.771601820541969,0.951122862432055,"Accept"
"HSFC1",-0.00556632810734809,0.941049192813886,0.987238636712547,"Accept"
"HY5",0.00258995406648627,0.972551388018943,0.991130789780398,"Accept"
"HYH",0.0194281716539254,0.79630305460646,0.953926697714841,"Accept"
"IDD1",0.0939287831781077,0.211064267840391,0.695297379972407,"Accept"
"IDD11",0.151938050243076,0.0423205233147298,0.518997711367473,"Accept"
"IDD4",0.196602740033632,0.00834625115610118,0.437502034243099,"Accept"
"IDD5",0.0230092065656329,0.759813266731875,0.951122862432055,"Accept"
"IDD6",0.0498121479572814,0.507853680958234,0.854117554338848,"Accept"
"IDD7",0.205553263877941,0.00577327204560766,0.437502034243099,"Accept"
"IG1",-0.0682605298449816,0.363917815512556,0.792056421997916,"Accept"
"JKD",0.146064010764789,0.0510583667958369,0.530136267963109,"Accept"
"JUB1",-0.103409886296095,0.168347444526276,0.667101429591958,"Accept"
"KAN2",-0.0170289719135807,0.821005132291997,0.964860508001988,"Accept"
"KAN4",-0.103063128707092,0.169786780680996,0.667101429591958,"Accept"
"KUA1",-0.139825387328041,0.0619278932733881,0.530558804015519,"Accept"
"LBD13",0.00234545589555624,0.975141731193019,0.991130789780398,"Accept"
"LBD18",0.16873123723855,0.0239538665210227,0.518997711367473,"Accept"
"LEP",-0.0892219692328226,0.234945295717375,0.711051738894911,"Accept"
"LFY",-0.0610862405282458,0.416612923129363,0.829685226515417,"Accept"
"LHY",0.0154183908578414,0.837688534327244,0.964860508001988,"Accept"
"LOB",0.0112416596298168,0.881274164011753,0.981831596355408,"Accept"
"LRL2",-0.000320547208393903,0.996602151702861,0.997865565997251,"Accept"
"Lg3",0.0414355155202047,0.581824105678687,0.864354697080906,"Accept"
"LjSGA_053525.1",-0.138129706736568,0.0651901876446689,0.530558804015519,"Accept"
"LjTCP20",-0.0510312351521642,0.4975115206391,0.854117554338848,"Accept"
"MGP",0.0741332702647354,0.324012995086627,0.768074367517286,"Accept"
"MYB1",-0.0577215984838672,0.442788904598525,0.834836970886638,"Accept"
"MYB10",0.0139568729366799,0.85289093804503,0.967013842105204,"Accept"
"MYB101",0.0294664867891081,0.695384936437689,0.9309599530122,"Accept"
"MYB105",-0.0791144302098716,0.292471862060806,0.75039313514141,"Accept"
"MYB107",-0.0419782041576051,0.576884356355474,0.864354697080906,"Accept"
"MYB108",-0.130544172800873,0.0815456413237655,0.570330707764966,"Accept"
"MYB111",0.10585618768919,0.158450264320527,0.667101429591958,"Accept"
"MYB113",-0.109234111361508,0.145510577685866,0.667101429591958,"Accept"
"MYB116",-0.171901820435651,0.0213954599458761,0.518655460067273,"Accept"
"MYB118",0.0201203389337965,0.789212814742678,0.953926697714841,"Accept"
"MYB119",0.00537635248463356,0.943057700320642,0.987238636712547,"Accept"
"MYB121",-0.0517407564061211,0.49154387106954,0.854117554338848,"Accept"
"MYB124",-0.0614593001200505,0.413767449350613,0.828713723343251,"Accept"
"MYB13",-0.0144673325865373,0.847574783566564,0.964860508001988,"Accept"
"MYB15",0.120425951482986,0.108328600134417,0.604404808686472,"Accept"
"MYB17",0.00216452104468483,0.977058819761418,0.991130789780398,"Accept"
"MYB24",0.0278887460638361,0.710947360766421,0.931624089979504,"Accept"
"MYB27",-0.0829196585317475,0.269801918336616,0.732914932666795,"Accept"
"MYB3",0.150659315953168,0.0441074721739425,0.525551744716637,"Accept"
"MYB30",-0.0616156662226145,0.412578183205001,0.828692750837472,"Accept"
"MYB31",-0.0572183568010445,0.446782581782339,0.834836970886638,"Accept"
"MYB33",-0.0892797511063068,0.234641074482436,0.711051738894911,"Accept"
"MYB39",-0.0390801431345136,0.603487309207024,0.872945634511395,"Accept"
"MYB3R1",-0.00631611248029509,0.933125885072079,0.987238636712547,"Accept"
"MYB3R3",0.134334084922123,0.0730031187893932,0.532920142540882,"Accept"
"MYB3R4",-0.0669107905237927,0.37350262795422,0.796674654628754,"Accept"
"MYB3R5",0.104870118681036,0.162385791705011,0.667101429591958,"Accept"
"MYB4",0.0477031123816337,0.52600640774031,0.864354697080906,"Accept"
"MYB40",-0.0260712162053985,0.729023851589697,0.932341972517223,"Accept"
"MYB41",-0.0814958731372747,0.278140143648777,0.740653488579888,"Accept"
"MYB43",0.0150502959354046,0.841511956571626,0.964860508001988,"Accept"
"MYB44",-0.0752041333624818,0.317053395621001,0.768074367517286,"Accept"
"MYB46",0.164572197203468,0.0277053950176665,0.518997711367473,"Accept"
"MYB49",-0.0490996444582329,0.513949611031251,0.855659117437091,"Accept"
"MYB51",0.0107462540479227,0.886470295143679,0.982503357212259,"Accept"
"MYB52",-0.0577215984838672,0.442788904598525,0.834836970886638,"Accept"
"MYB55",0.101310642132314,0.177201243870963,0.674236858844949,"Accept"
"MYB56",-0.0294583579477212,0.695464798706087,0.9309599530122,"Accept"
"MYB57",-0.16095075441292,0.031370520761119,0.518997711367473,"Accept"
"MYB58",-0.0577765849674826,0.442353767119035,0.834836970886638,"Accept"
"MYB59",-0.0930696966082572,0.21528788007159,0.695297379972407,"Accept"
"MYB60",-0.0803806558273285,0.284791515505895,0.74151272370609,"Accept"
"MYB61",0.0966367074388448,0.198140580553395,0.68617156713811,"Accept"
"MYB62",-0.149634068618391,0.0455854143932961,0.530136267963109,"Accept"
"MYB63",0.0213732112206779,0.776423262301376,0.95142417488859,"Accept"
"MYB65",-0.0276851880007086,0.712964097310061,0.931624089979504,"Accept"
"MYB67",0.0786177650011862,0.295521718974216,0.75546097614136,"Accept"
"MYB70",0.0192853629778799,0.797768018280447,0.953926697714841,"Accept"
"MYB73",-0.0647261229199688,0.389341174947878,0.806655175188136,"Accept"
"MYB74",-0.0194928442546343,0.795639862188117,0.953926697714841,"Accept"
"MYB77",-0.0165252647336477,0.8262145960186,0.964860508001988,"Accept"
"MYB80",0.0335450621314953,0.655753547563626,0.916490544606818,"Accept"
"MYB81",-0.0795337206257795,0.289913510322383,0.75039313514141,"Accept"
"MYB83",-0.0762908939606444,0.310090613795308,0.768074367517286,"Accept"
"MYB88",-0.00020135849511794,0.997865565997251,0.997865565997251,"Accept"
"MYB92",0.0278887460638361,0.710947360766421,0.931624089979504,"Accept"
"MYB93",-0.0569691238640877,0.448767969765336,0.834836970886638,"Accept"
"MYB94",-0.044459066327214,0.554556008084799,0.864354697080906,"Accept"
"MYB96",-0.089061270174304,0.23579283093146,0.711051738894911,"Accept"
"MYB98",0.0297051316689212,0.693041852464353,0.9309599530122,"Accept"
"MYB99",0.037633046031076,0.616972498301085,0.886976822710967,"Accept"
"MYC2",0.0409388389388995,0.586362140266687,0.864354697080906,"Accept"
"MYC4",-0.0152659088829209,0.839271917380413,0.964860508001988,"Accept"
"MYR2",-0.0740181501236821,0.324766996541855,0.768074367517286,"Accept"
"NAC002",0.0806207903138733,0.283350370891767,0.74151272370609,"Accept"
"NAC004",0.156929094149283,0.0359161770750563,0.518997711367473,"Accept"
"NAC005",-0.119342365075551,0.111565019403483,0.607986113493401,"Accept"
"NAC007",-0.0598284463300294,0.426290582679226,0.834231920035737,"Accept"
"NAC010",0.151835419562313,0.0424616660349156,0.518997711367473,"Accept"
"NAC011",0.0035714698946075,0.96215585192791,0.987238636712547,"Accept"
"NAC013",0.115376240907507,0.124059576595313,0.636597681361349,"Accept"
"NAC016",0.105676348427999,0.159162635980689,0.667101429591958,"Accept"
"NAC017",-0.0415552447325308,0.580732603183425,0.864354697080906,"Accept"
"NAC018",0.200673438874499,0.00707118368852983,0.437502034243099,"Accept"
"NAC019",0.0163100381045531,0.828442851951406,0.964860508001988,"Accept"
"NAC020",0.06856893452228,0.361749356765206,0.789781980763789,"Accept"
"NAC025",0.160446988834718,0.0319116668735117,0.518997711367473,"Accept"
"NAC028",-0.0415552447325308,0.580732603183425,0.864354697080906,"Accept"
"NAC029",0.0504801940961002,0.502172476658979,0.854117554338848,"Accept"
"NAC031",0.110601230659876,0.140507824716812,0.667101429591958,"Accept"
"NAC035",-0.0226253282117566,0.763701184610232,0.951122862432055,"Accept"
"NAC037",-0.0598284463300294,0.426290582679226,0.834231920035737,"Accept"
"NAC038",0.180061558466707,0.015868348465845,0.478331704728535,"Accept"
"NAC043",0.0930948017395981,0.215163603034641,0.695297379972407,"Accept"
"NAC045",-0.0265734719210821,0.724013145671564,0.932341972517223,"Accept"
"NAC046",0.0877677083781245,0.242693300212193,0.713482244389533,"Accept"
"NAC047",0.213425983226151,0.00412335665461154,0.437502034243099,"Accept"
"NAC050",0.0819246290777317,0.275611089219013,0.73670948943333,"Accept"
"NAC053",0.156929094149283,0.0359161770750563,0.518997711367473,"Accept"
"NAC054",0.103008184192617,0.170015683727943,0.667101429591958,"Accept"
"NAC055",0.127774602327884,0.0882830339468278,0.570330707764966,"Accept"
"NAC057",-0.0415552447325308,0.580732603183425,0.864354697080906,"Accept"
"NAC058",0.0566567633614843,0.451263227506291,0.834836970886638,"Accept"
"NAC062",0.0168473547652682,0.82288257202122,0.964860508001988,"Accept"
"NAC071",0.0754306674949175,0.315593688177763,0.768074367517286,"Accept"
"NAC073",0.085282454905801,0.256343013630534,0.729591654179213,"Accept"
"NAC075",0.111197276457172,0.138368195148452,0.667101429591958,"Accept"
"NAC076",-0.0598284463300294,0.426290582679226,0.834231920035737,"Accept"
"NAC078",0.156929094149283,0.0359161770750563,0.518997711367473,"Accept"
"NAC079",-0.00140420056008454,0.985116075657866,0.995023852280861,"Accept"
"NAC083",0.0690294534155668,0.35852633347897,0.787637538861611,"Accept"
"NAC087",0.0622189008724006,0.408009050595765,0.824225179795468,"Accept"
"NAC094",0.0295210432139285,0.694849030453852,0.9309599530122,"Accept"
"NAC096",-0.0415552447325308,0.580732603183425,0.864354697080906,"Accept"
"NAC098",0.0339333160553352,0.652028373287216,0.913485865766849,"Accept"
"NAC101",-0.0598284463300294,0.426290582679226,0.834231920035737,"Accept"
"NAC103",0.0469312950116053,0.532730763773699,0.864354697080906,"Accept"
"NAC105",0.0344849984354139,0.64674994570653,0.911152729121625,"Accept"
"NAC68",-0.0588848476697329,0.433635355298172,0.834836970886638,"Accept"
"NAC69",0.0946270076137912,0.207675544416906,0.695297379972407,"Accept"
"NAC92",0.0660056299225717,0.38001634420198,0.796674654628754,"Accept"
"NLP7",0.0469922243176185,0.532198361614218,0.864354697080906,"Accept"
"NTL8",0.0514336252781028,0.494122406256594,0.854117554338848,"Accept"
"NTL9",0.0228720046388949,0.761202161887348,0.951122862432055,"Accept"
"NUC",0.105284206583982,0.160724299183977,0.667101429591958,"Accept"
"O2",-0.0424558845827883,0.572552621734467,0.864354697080906,"Accept"
"OJ1058_F05.8",-0.0561634612935697,0.455219724175183,0.83774729344281,"Accept"
"Os05g0437700",-0.0561634612935697,0.455219724175183,0.83774729344281,"Accept"
"Os05g0497200",0.00968694472242363,0.897596983087416,0.984134836574264,"Accept"
"OsCCA1",-0.031142279585518,0.678993694221224,0.925063114413799,"Accept"
"OsEIL3",0.0277609337724264,0.712213418322305,0.931624089979504,"Accept"
"OsFBH1",0.0833711993560816,0.267193407175512,0.730987981150399,"Accept"
"OsI_08196",-0.116409716195402,0.120704022978983,0.628555023364631,"Accept"
"OsRR22",0.0883229257998093,0.23971445536002,0.711051738894911,"Accept"
"OsTRBF3",-0.0327160180123501,0.663736349856619,0.918517035333077,"Accept"
"OsbZIP42",0.13530179232128,0.0709424289864278,0.530558804015519,"Accept"
"OsbZIP69",0.0553163689429491,0.462058733120192,0.841844256418826,"Accept"
"OsbZIP77",0.0589057651198188,0.433471756065525,0.834836970886638,"Accept"
"P0510F09.23",-0.0327160180123501,0.663736349856619,0.918517035333077,"Accept"
"PC.MYB1",-0.0332983461209779,0.658125136919467,0.916606225718035,"Accept"
"PHL1",-0.104865435323979,0.162404656483546,0.667101429591958,"Accept"
"PHL11",-0.186465497160708,0.0124467150567027,0.437502034243099,"Accept"
"PHL12",0.0278479825821766,0.711351061885703,0.931624089979504,"Accept"
"PHL2",0.0436215415609629,0.562046900735693,0.864354697080906,"Accept"
"PHL4",0.0357077630787638,0.63511361893281,0.902012494751983,"Accept"
"PHL7",-0.0551469331282122,0.463433466904816,0.841844256418826,"Accept"
"PHYPADRAFT_173530",0.113756690293932,0.12946261883561,0.654764180154202,"Accept"
"PHYPADRAFT_182268",0.152860310554997,0.0410697534585294,0.518997711367473,"Accept"
"PHYPADRAFT_28324",0.127080835533672,0.0900385922053928,0.570330707764966,"Accept"
"PHYPADRAFT_48267",0.0835637754739451,0.2660861597973,0.730987981150399,"Accept"
"PHYPADRAFT_64121",0.0272161718283365,0.717618399890442,0.932341972517223,"Accept"
"PHYPA_008731",0.0835637754739451,0.2660861597973,0.730987981150399,"Accept"
"PHYPA_011264",0.140683659866081,0.0603284515462997,0.530136267963109,"Accept"
"PI",-0.125976852678132,0.0928895126557024,0.570330707764966,"Accept"
"PIF3",-0.0525920632754244,0.484434282766738,0.851663051438912,"Accept"
"PIF4",0.123445188820734,0.0996986331874068,0.581395259839938,"Accept"
"PIF5",-0.017917801109588,0.811831842946699,0.964050313499205,"Accept"
"PK00315.1",0.0872289536846508,0.245608397072926,0.713482244389533,"Accept"
"PK01630.1",-0.0152659088829209,0.839271917380413,0.964860508001988,"Accept"
"PK02532.1",-0.0348358098571748,0.643402548259899,0.908257010897006,"Accept"
"PK03576.1",0.00503608603714029,0.946656038986493,0.987238636712547,"Accept"
"PK05451.1",0.000527006320053213,0.994413682786328,0.997865565997251,"Accept"
"PK06182.1",0.154248404219176,0.0392458516201456,0.518997711367473,"Accept"
"PK06517.1",0.00503608603714029,0.946656038986493,0.987238636712547,"Accept"
"PK07858.1",0.00503608603714029,0.946656038986493,0.987238636712547,"Accept"
"PK08602.1",-0.0427886320597896,0.569544255675609,0.864354697080906,"Accept"
"PK09021.1",-0.0469604470270567,0.532475999225931,0.864354697080906,"Accept"
"PK09702.1",0.00768612924943309,0.918665808344558,0.987238636712547,"Accept"
"PK10344.1",0.00965956636769252,0.897884832045748,0.984134836574264,"Accept"
"PK15505.1",0.00449616210386292,0.952367953698635,0.987238636712547,"Accept"
"PK16335.1",0.074123900779756,0.324074320030678,0.768074367517286,"Accept"
"PK17878.1",0.0809760316843601,0.281227419870012,0.74151272370609,"Accept"
"PK18009.1",-0.0406058252104289,0.589413903081947,0.864354697080906,"Accept"
"PK18401.1",-0.00948414797786206,0.899729450313009,0.984134836574264,"Accept"
"PK18474.1",-0.0152659088829209,0.839271917380413,0.964860508001988,"Accept"
"PK19363.1",0.0447015859161827,0.552395967510227,0.864354697080906,"Accept"
"PK19717.1",-0.151576747363791,0.0428191568411286,0.518997711367473,"Accept"
"PK21166.1",0.143398375756853,0.0554915346811373,0.530136267963109,"Accept"
"PK21687.1",-0.0981941470575734,0.19097272505495,0.674236858844949,"Accept"
"PK23829.1",-0.131192632665694,0.0800294993136854,0.570330707764966,"Accept"
"PK23964.1",0.110218179857643,0.141896122562156,0.667101429591958,"Accept"
"PK24205.1",-0.0405233253271265,0.590171059173307,0.864354697080906,"Accept"
"PK24580.1",-0.0711145521019619,0.344158500381145,0.768074367517286,"Accept"
"PK24978.1",-0.00848249300675077,0.910272385041965,0.987238636712547,"Accept"
"PK25870.1",-0.102475241347457,0.172247876892916,0.667101429591958,"Accept"
"PK27109.1",0.12582114033403,0.0932973419530172,0.570330707764966,"Accept"
"PK27149.1",0.152442763623769,0.0416321301711049,0.518997711367473,"Accept"
"PK28565.1",-0.0259437165148356,0.730297678448347,0.932341972517223,"Accept"
"PLT1",0.0221247531539235,0.768779880495399,0.951122862432055,"Accept"
"RAMOSA1",-0.123394631280062,0.0998385273595495,0.581395259839938,"Accept"
"RAP2.1",0.0410166595240443,0.585650035064816,0.864354697080906,"Accept"
"RAP2.10",0.0662444793986656,0.378290848093142,0.796674654628754,"Accept"
"RAP2.11",0.046761887797642,0.534212452183314,0.864354697080906,"Accept"
"RAP2.12",0.092684000183421,0.217203628090903,0.695297379972407,"Accept"
"RAP2.3",0.128418624237395,0.0866779446521426,0.570330707764966,"Accept"
"RAP2.4",0.102492088801381,0.172176981419872,0.667101429591958,"Accept"
"RAP2.6",-0.0875605749365017,0.24381119173542,0.713482244389533,"Accept"
"RAP2.7",-0.00360060727101149,0.961847337805633,0.987238636712547,"Accept"
"RAP2.9",0.0459429611669566,0.541404004858689,0.864354697080906,"Accept"
"RAV2",-0.0174365110354209,0.816795972339661,0.964860508001988,"Accept"
"RAX3",0.00363335944416434,0.961500556039024,0.987238636712547,"Accept"
"REF6",-0.198592883936715,0.00769941015193281,0.437502034243099,"Accept"
"REV",-0.000846251067731004,0.991029772738595,0.997865565997251,"Accept"
"RIN",-0.00721676253439336,0.923617058513952,0.987238636712547,"Accept"
"RVE1",-0.0118058958006652,0.875362272090666,0.979903944712959,"Accept"
"RVE4",-0.0660434809380288,0.379742581569979,0.796674654628754,"Accept"
"RVE5",-0.0644625037799551,0.391279395077033,0.806655175188136,"Accept"
"RVE6",-0.0833645426503053,0.267231737063517,0.730987981150399,"Accept"
"RVE7",0.0307087359732001,0.683220231960507,0.927227457660688,"Accept"
"RVE7L",0.0108777648884591,0.885090443944665,0.982503357212259,"Accept"
"RVE8",0.010046223070983,0.893820875177795,0.984134836574264,"Accept"
"SBP6",0.028942729398017,0.700537432636492,0.9309599530122,"Accept"
"SBP8",0.0838952187725121,0.264187814969698,0.730987981150399,"Accept"
"SEP1",0.0149617908728498,0.842431819994277,0.964860508001988,"Accept"
"SEP3",0.0581005351449983,0.439795105286609,0.834836970886638,"Accept"
"SGR5",0.0930967036103131,0.215154190360774,0.695297379972407,"Accept"
"SIZF2",0.073351276674463,0.32915706933035,0.768074367517286,"Accept"
"SMB",-0.0598284463300294,0.426290582679226,0.834231920035737,"Accept"
"SMZ",0.0419160896916725,0.577448750357989,0.864354697080906,"Accept"
"SOC1",0.0532976264104158,0.478584002434129,0.851353249598314,"Accept"
"SOL1",-0.183345110193377,0.0140232731973784,0.469445764655095,"Accept"
"SPL1",-0.110051661743939,0.142502884880289,0.667101429591958,"Accept"
"SPL11",0.0259264185456215,0.730470556331792,0.932341972517223,"Accept"
"SPL11A",-0.0676703862139249,0.368089649664884,0.794961417094358,"Accept"
"SPL11B",0.0159610968574943,0.832058367152453,0.964860508001988,"Accept"
"SPL12B",-0.0406489252350197,0.589018522318672,0.864354697080906,"Accept"
"SPL13A",-0.141882645858402,0.0581510640259177,0.530136267963109,"Accept"
"SPL13B",-0.0115490408658319,0.878052683744875,0.980173764557551,"Accept"
"SPL13D",0.0489886443594345,0.514902675352755,0.855659117437091,"Accept"
"SPL14",-0.0730707875938094,0.331014885835587,0.768074367517286,"Accept"
"SPL14B",0.0194107848246022,0.796481374695517,0.953926697714841,"Accept"
"SPL15",-0.077120303630171,0.304844531411427,0.765377519936546,"Accept"
"SPL15A",0.0315588475962974,0.674942052550175,0.925063114413799,"Accept"
"SPL15B",-0.039452019446554,0.600043209397728,0.869753353003304,"Accept"
"SPL15D",-0.111759744159938,0.136372013166321,0.667101429591958,"Accept"
"SPL16A",-0.143007254746228,0.0561679927634626,0.530136267963109,"Accept"
"SPL16D",-0.0987656299846898,0.18839060686251,0.674236858844949,"Accept"
"SPL18A",-0.144913448997093,0.0529343927142994,0.530136267963109,"Accept"
"SPL19B",0.0821506360166653,0.274284248356148,0.73670948943333,"Accept"
"SPL1D",-0.127094930648445,0.0900026496951724,0.570330707764966,"Accept"
"SPL2A",0.044321033980411,0.555787242163705,0.864354697080906,"Accept"
"SPL2B",-0.0987656299846898,0.18839060686251,0.674236858844949,"Accept"
"SPL3",-0.077120303630171,0.304844531411427,0.765377519936546,"Accept"
"SPL3A",-0.0671806599836656,0.3715739330364,0.796674654628754,"Accept"
"SPL3B",-0.000736553022727081,0.992192528062831,0.997865565997251,"Accept"
"SPL3D",-0.0576753984451299,0.44315469776232,0.834836970886638,"Accept"
"SPL4A",-0.0507793884829323,0.499638916258794,0.854117554338848,"Accept"
"SPL4D",-0.119054083117375,0.112438665662789,0.60803370739185,"Accept"
"SPL5",-0.077120303630171,0.304844531411427,0.765377519936546,"Accept"
"SPL5A",0.00551360573661537,0.941606560647253,0.987238636712547,"Accept"
"SPL5B",-0.0148550474694056,0.843541524304775,0.964860508001988,"Accept"
"SPL5D",0.0290788404236297,0.69919710597138,0.9309599530122,"Accept"
"SPL6A",-0.0977045283959778,0.193205420374381,0.674236858844949,"Accept"
"SPL7A",-0.0861829156704577,0.25133762167179,0.718253447297838,"Accept"
"SPL7B",0.0159610968574943,0.832058367152453,0.964860508001988,"Accept"
"SPL8",0.0794609147143965,0.290356669450225,0.75039313514141,"Accept"
"SPL8A",-0.103998545842378,0.165924835807132,0.667101429591958,"Accept"
"SPL8B",-0.126702197137264,0.0910084131625416,0.570330707764966,"Accept"
"SPL8D1",0.0494850479080903,0.510647554905675,0.855659117437091,"Accept"
"SPL9",-0.0730707875938094,0.331014885835587,0.768074367517286,"Accept"
"SPL9D",0.00513926633540558,0.945564783622678,0.987238636712547,"Accept"
"SPT",0.00503608603714029,0.946656038986493,0.987238636712547,"Accept"
"SRM1",-0.0265329645440461,0.724416832542645,0.932341972517223,"Accept"
"SVP",-0.04731836472672,0.529353086465119,0.864354697080906,"Accept"
"StBRC1",-0.118291429913676,0.114775702778348,0.615933733230372,"Accept"
"TB1",-0.186677863099566,0.0123453099525746,0.437502034243099,"Accept"
"TCP1",-0.181445022275396,0.0150666240984864,0.478331704728535,"Accept"
"TCP13",-0.0766612684307413,0.307740705463088,0.768074367517286,"Accept"
"TCP14",0.0446839157517313,0.552553211350769,0.864354697080906,"Accept"
"TCP15",-0.0723729938746067,0.335665827480943,0.768074367517286,"Accept"
"TCP16",-0.0386003133728651,0.607944180394338,0.876213190229956,"Accept"
"TCP17",0.00690485647637244,0.926908925023191,0.987238636712547,"Accept"
"TCP19",-0.129159566340096,0.0848602940714958,0.570330707764966,"Accept"
"TCP2",-0.0339171798000674,0.652183025065788,0.913485865766849,"Accept"
"TCP20",-0.0555456977839053,0.46020165146168,0.841844256418826,"Accept"
"TCP21",-0.00449604424242281,0.952369200843318,0.987238636712547,"Accept"
"TCP22",-0.0229574775399255,0.760336829767909,0.951122862432055,"Accept"
"TCP23",-0.141607709913787,0.058644545983904,0.530136267963109,"Accept"
"TCP24",0.0372751164903131,0.62032806062957,0.888168282327063,"Accept"
"TCP3",0.0228566670799267,0.761357471514948,0.951122862432055,"Accept"
"TCP4",0.0244256952760863,0.745519767700133,0.94945724038622,"Accept"
"TCP5",-0.0208926278547433,0.781322250609268,0.953592955170687,"Accept"
"TCP7",-0.0448380057795045,0.551182723453638,0.864354697080906,"Accept"
"TCP8",-0.107728592374744,0.151174982096153,0.667101429591958,"Accept"
"TCP9",-0.0408084382336452,0.587556276709621,0.864354697080906,"Accept"
"TCX2",-0.127511632261764,0.0889452248953064,0.570330707764966,"Accept"
"TCX3",-0.154538402802402,0.03887354357299,0.518997711367473,"Accept"
"TCX6",-0.205117946044866,0.00587972339727766,0.437502034243099,"Accept"
"TEIL",0.0544683957267798,0.468961426258288,0.845333032460453,"Accept"
"TEM1",-0.0174365110354209,0.816795972339661,0.964860508001988,"Accept"
"TFLG2.Zm00001d042777",0.0287599951806608,0.702338326098593,0.931592157070398,"Accept"
"TGA1",0.0540378319677174,0.472487846488015,0.847344275717027,"Accept"
"TGA10",-0.0144073753625296,0.848198853407153,0.964860508001988,"Accept"
"TGA1A",0.0531787002615539,0.479567406601611,0.851353249598314,"Accept"
"TGA2",-0.00247584187369332,0.9737603189794,0.991130789780398,"Accept"
"TGA3",0.0144924947737895,0.847312909013423,0.964860508001988,"Accept"
"TGA4",0.043661161230565,0.561691449444177,0.864354697080906,"Accept"
"TGA5",-0.00419022271236336,0.95560561611105,0.987238636712547,"Accept"
"TGA6",0.0431918853823621,0.565908503064529,0.864354697080906,"Accept"
"TGA7",-0.0138035324202936,0.854489200888063,0.967013842105204,"Accept"
"TGA9",0.0692531609748574,0.356967158461883,0.786670571782771,"Accept"
"TINY",0.0490592164222812,0.514296627126357,0.855659117437091,"Accept"
"TOE2",-0.0397849941961663,0.596966896710762,0.86708208344559,"Accept"
"TRB1",-0.026246864727397,0.72727019298742,0.932341972517223,"Accept"
"TRB2",-0.037449841912903,0.618689038195083,0.887629375206416,"Accept"
"TRP1",0.00201217721739271,0.978673075529366,0.991130789780398,"Accept"
"TRP2",0.00349290928041426,0.962987700018257,0.987238636712547,"Accept"
"TRP5",-0.0981941470575734,0.19097272505495,0.674236858844949,"Accept"
"TSAR1",0.0862697479170349,0.250858546326806,0.718253447297838,"Accept"
"TSAR2",0.0261766043653322,0.72797149658382,0.932341972517223,"Accept"
"TSO1",-0.122363954402482,0.102724416898742,0.582381169998512,"Accept"
"UB3",0.0440344918930996,0.558347383434482,0.864354697080906,"Accept"
"UNE10",0.0726234919610601,0.333991427960364,0.768074367517286,"Accept"
"VIP1",0.209982915667741,0.00478411713212904,0.437502034243099,"Accept"
"VIT_15s0048g01150",-0.080450331717807,0.284372856823836,0.74151272370609,"Accept"
"VIT_17s0000g10420",-0.00399183776257847,0.957705454537933,0.987238636712547,"Accept"
"WIP5",-0.0115166698678328,0.878391851594961,0.980173764557551,"Accept"
"WRKY1",0.0239828571085859,0.749979292829669,0.951122862432055,"Accept"
"WRKY11",-0.105520395967899,0.159782331139517,0.667101429591958,"Accept"
"WRKY12",-0.0136975652407938,0.855594039529783,0.967013842105204,"Accept"
"WRKY14",-0.126407323777216,0.0917694372375557,0.570330707764966,"Accept"
"WRKY15",-0.152962141321075,0.0409335739053745,0.518997711367473,"Accept"
"WRKY17",0.0502686782746687,0.503967637546039,0.854117554338848,"Accept"
"WRKY2",-0.102475241347457,0.172247876892916,0.667101429591958,"Accept"
"WRKY20",0.00594853583977878,0.93700946015364,0.987238636712547,"Accept"
"WRKY21",-0.110961409957364,0.139211891261398,0.667101429591958,"Accept"
"WRKY22",-0.0459931290421461,0.540962072209753,0.864354697080906,"Accept"
"WRKY23",-0.0844893481441893,0.260808155114497,0.730987981150399,"Accept"
"WRKY24",-0.176521161067609,0.0180915557055175,0.478331704728535,"Accept"
"WRKY25",-0.0440703541895928,0.558026656939698,0.864354697080906,"Accept"
"WRKY26",-0.126555356891792,0.0913867545511633,0.570330707764966,"Accept"
"WRKY27",-0.0988254606285357,0.188121759234798,0.674236858844949,"Accept"
"WRKY28",-0.102475241347457,0.172247876892916,0.667101429591958,"Accept"
"WRKY29",-0.0258980085036941,0.730754518999985,0.932341972517223,"Accept"
"WRKY3",-0.10941775565638,0.144830805327459,0.667101429591958,"Accept"
"WRKY30",-0.126327522378149,0.0919762620783297,0.570330707764966,"Accept"
"WRKY31",-0.0440703541895928,0.558026656939698,0.864354697080906,"Accept"
"WRKY33",-0.0736464058985769,0.327209531815224,0.768074367517286,"Accept"
"WRKY38",-0.0685941382924349,0.361572499337253,0.789781980763789,"Accept"
"WRKY42",-0.15745900396222,0.0352870700642,0.518997711367473,"Accept"
"WRKY45",-0.00373870579446242,0.960385192526637,0.987238636712547,"Accept"
"WRKY46",0.143471393820516,0.0553659958770937,0.530136267963109,"Accept"
"WRKY47",-0.0912669463682578,0.224346423673684,0.704087213583034,"Accept"
"WRKY50",-0.0751180063566946,0.31760951824091,0.768074367517286,"Accept"
"WRKY53",-0.102475241347457,0.172247876892916,0.667101429591958,"Accept"
"WRKY55",-0.141529926996853,0.0587847824641087,0.530136267963109,"Accept"
"WRKY59",-0.0557131115621263,0.458848570551648,0.841844256418826,"Accept"
"WRKY6",-0.15745900396222,0.0352870700642,0.518997711367473,"Accept"
"WRKY60",-0.102475241347457,0.172247876892916,0.667101429591958,"Accept"
"WRKY62",-0.111853914815018,0.136039968874283,0.667101429591958,"Accept"
"WRKY65",-0.105007211310134,0.161834302345528,0.667101429591958,"Accept"
"WRKY7",-0.0900991911614536,0.230356483301612,0.710342061711137,"Accept"
"WRKY70",-0.136629530847913,0.0681922768314345,0.530558804015519,"Accept"
"WRKY71",-0.0210317622466227,0.779903042772352,0.953516241859067,"Accept"
"WRKY75",-0.102475241347457,0.172247876892916,0.667101429591958,"Accept"
"WRKY8",-0.0804184160927049,0.284564575655166,0.74151272370609,"Accept"
"YAB4",-0.0134218793349959,0.858469715340221,0.96870659692484,"Accept"
"ZAT10",0.145051017125807,0.0527071204732942,0.530136267963109,"Accept"
"ZAT6",-0.0149135125705491,0.842933682883301,0.964860508001988,"Accept"
"ZHD1",-0.0130118264138149,0.862750406835435,0.970421657608497,"Accept"
"ZHD10",0.0370117920185775,0.622801725773833,0.888215460652384,"Accept"
"ZHD14",-0.117840511004848,0.116175198344793,0.618720942699922,"Accept"
"ZHD3",0.092606605306069,0.217589507245988,0.695297379972407,"Accept"
"ZHD5",0.0551813352782383,0.463154159066145,0.841844256418826,"Accept"
"ZHD6",0.0839762154264391,0.263725317186702,0.730987981150399,"Accept"
"ZHD9",0.043547186707887,0.562714272473306,0.864354697080906,"Accept"
"Zm00001d002364",-0.0523178919111723,0.486717940917279,0.851663051438912,"Accept"
"Zm00001d005692",-0.0739790969066708,0.325023040091968,0.768074367517286,"Accept"
"Zm00001d005892",0.00968694472242363,0.897596983087416,0.984134836574264,"Accept"
"Zm00001d015407",-0.168299073763814,0.0243221853736449,0.518997711367473,"Accept"
"Zm00001d018571",-0.0228138903139029,0.761790683600825,0.951122862432055,"Accept"
"Zm00001d020267",-0.0299375048863211,0.690763139217276,0.9309599530122,"Accept"
"Zm00001d020595",-0.0352392159408974,0.639562153336432,0.90465230139942,"Accept"
"Zm00001d024324",-0.108638403813707,0.147732307532242,0.667101429591958,"Accept"
"Zm00001d024644",-0.175108205510852,0.0190516183960156,0.478331704728535,"Accept"
"Zm00001d027846",-0.130823518267831,0.08088970384013,0.570330707764966,"Accept"
"Zm00001d031796",-0.0549450951038193,0.465074044090082,0.842647043802391,"Accept"
"Zm00001d034298",-0.0468153174969083,0.53374491672539,0.864354697080906,"Accept"
"Zm00001d035604",0.0278887460638361,0.710947360766421,0.931624089979504,"Accept"
"Zm00001d038683",0.0758082791343201,0.313170232852745,0.768074367517286,"Accept"
"Zm00001d044785",-0.109190894323602,0.145670900131064,0.667101429591958,"Accept"
"Zm00001d049364",-0.0765096042233967,0.30870155008786,0.768074367517286,"Accept"
"Zm00001d052229",-0.0523178919111723,0.486717940917279,0.851663051438912,"Accept"
"ZmbZIP25",0.0439436997323954,0.559159759949607,0.864354697080906,"Accept"
"ZmbZIP54",-0.00762864945016491,0.919271986464689,0.987238636712547,"Accept"
"ZmbZIP57",0.0172978480848232,0.818227534425236,0.964860508001988,"Accept"
"ZmbZIP72",0.0218532989798657,0.771538114619591,0.951122862432055,"Accept"
"ZmbZIP96",0.0783279814586331,0.29731090347653,0.757281033130436,"Accept"
"abi4",-0.0791735666415103,0.292110126138114,0.75039313514141,"Accept"
"bHLH112",0.0833711993560816,0.267193407175512,0.730987981150399,"Accept"
"bHLH130",0.0213324422420907,0.776838515485136,0.95142417488859,"Accept"
"bHLH18",0.0189606248495003,0.801101877509148,0.954750064067036,"Accept"
"bHLH34",0.114959903253323,0.125431585764356,0.638973947770598,"Accept"
"bHLH77",0.109762372710723,0.143561695562812,0.667101429591958,"Accept"
"bHLH78",0.0714972134739943,0.34156181710588,0.768074367517286,"Accept"
"bHLH80",-0.00396086361554966,0.958033332171103,0.987238636712547,"Accept"
"bZIP910",-0.000261657325532693,0.997226390485423,0.997865565997251,"Accept"
"bZIP911",-0.0511172320963049,0.496786185300462,0.854117554338848,"Accept"
"cassava45561.m1",-0.0498172426962792,0.507810228036708,0.854117554338848,"Accept"
"estExt_Genewise1.C_2060077",-0.063403844272121,0.399121343484267,0.811000235017643,"Accept"
"estExt_gwp_gw1.C_550163",0.152860310554997,0.0410697534585294,0.518997711367473,"Accept"
"myb.Ph3",0.0442097621065383,0.556780737764033,0.864354697080906,"Accept"
"squamosa",0.00725717422858426,0.923190645896322,0.987238636712547,"Accept"
